                  epoch,         train/box_loss,         train/cls_loss,         train/dfl_loss,   metrics/precision(B),      metrics/recall(B),       metrics/mAP50(B),    metrics/mAP50-95(B),           val/box_loss,           val/cls_loss,           val/dfl_loss,                 lr/pg0,                 lr/pg1,                 lr/pg2
                      1,                 1.0724,                 1.6911,                 1.2479,                0.80689,                0.59833,                 0.7173,                0.46139,                  1.154,                 1.9481,                 1.3323,             0.00065537,             0.00065537,             0.00065537
                      2,                 1.1126,                 1.4545,                  1.269,                0.77805,                0.74059,                0.81177,                0.54377,                 1.0875,                 1.6577,                 1.2441,              0.0010603,              0.0010603,              0.0010603
                      3,                 1.1706,                 1.3922,                 1.3312,                0.81114,                0.74895,                0.83393,                0.55984,                 1.1399,                  1.551,                 1.3475,              0.0012012,              0.0012012,              0.0012012
                      4,                  1.153,                   1.37,                 1.3144,                0.80794,                0.79207,                0.88172,                 0.5992,                 1.0749,                 1.3295,                   1.25,               0.000812,               0.000812,               0.000812
