                  epoch,         train/box_loss,         train/cls_loss,         train/dfl_loss,   metrics/precision(B),      metrics/recall(B),       metrics/mAP50(B),    metrics/mAP50-95(B),           val/box_loss,           val/cls_loss,           val/dfl_loss,                 lr/pg0,                 lr/pg1,                 lr/pg2
                      1,                 1.0731,                 1.7316,                 1.2503,                0.83539,                0.64017,                0.74104,                0.48845,                 1.1653,                   1.79,                 1.3398,             0.00065753,             0.00065753,             0.00065753
                      2,                 1.1422,                  1.417,                 1.3057,                0.80498,                0.58722,                 0.7079,                0.44176,                 1.2888,                 1.8915,                 1.4618,               0.001062,               0.001062,               0.001062
                      3,                 1.1723,                 1.4079,                 1.3177,                0.67564,                0.72385,                0.73454,                0.43722,                 1.2759,                 1.6413,                 1.4825,              0.0012025,              0.0012025,              0.0012025
                      4,                 1.1545,                 1.4071,                 1.3093,                0.82118,                0.80699,                0.86602,                0.59103,                 1.0257,                 1.3504,                 1.3115,               0.000812,               0.000812,               0.000812
                      5,                 1.0808,                 1.3422,                 1.2768,                0.85049,                0.83304,                0.89278,                0.61189,                0.98826,                 1.2846,                 1.2668,               0.000416,               0.000416,               0.000416
